Metric,Value
TP,619.0
TN,651.0
FP,180.0
FN,212.0
Precision,0.7747183979974969
Recall,0.7448856799037304
F1-Score,0.7595092024539877
